onset	duration	sample	value
25.566	n/a	12783	12
25.768	n/a	12884	30
26.48	n/a	13240	31
27.698	n/a	13849	16
28.096	n/a	14048	47
28.656	n/a	14328	51
29.904	n/a	14952	11
30.238	n/a	15119	30
30.796	n/a	15398	31
32.072	n/a	16036	11
32.69	n/a	16345	30
33.196	n/a	16598	31
34.51	n/a	17255	15
34.972	n/a	17486	47
35.408	n/a	17704	38
36.628	n/a	18314	11
37.176	n/a	18588	30
37.57	n/a	18785	31
38.822	n/a	19411	16
39.27	n/a	19635	37
39.73	n/a	19865	48
40.916	n/a	20458	14
41.584	n/a	20792	34
42.108	n/a	21054	49
43.4	n/a	21700	11
43.848	n/a	21924	30
44.384	n/a	22192	31
45.626	n/a	22813	13
46.222	n/a	23111	32
46.67	n/a	23335	33
47.89	n/a	23945	13
48.3	n/a	24150	34
48.854	n/a	24427	49
50.03	n/a	25015	11
50.426	n/a	25213	30
50.914	n/a	25457	31
52.168	n/a	26084	12
52.608	n/a	26304	40
53.274	n/a	26637	41
54.492	n/a	27246	13
54.832	n/a	27416	42
55.484	n/a	27742	43
56.76	n/a	28380	14
57.266	n/a	28633	42
57.762	n/a	28881	43
58.904	n/a	29452	16
59.332	n/a	29666	37
59.87	n/a	29935	48
61.078	n/a	30539	12
61.504	n/a	30752	40
62.012	n/a	31006	41
63.194	n/a	31597	11
63.646	n/a	31823	30
64.082	n/a	32041	31
65.222	n/a	32611	16
65.724	n/a	32862	47
66.128	n/a	33064	38
67.452	n/a	33726	16
67.802	n/a	33901	47
68.436	n/a	34218	38
69.692	n/a	34846	11
70.162	n/a	35081	40
70.666	n/a	35333	41
71.806	n/a	35903	16
72.272	n/a	36136	45
72.844	n/a	36422	46
74.01	n/a	37005	13
74.412	n/a	37206	34
74.88	n/a	37440	49
76.026	n/a	38013	11
76.428	n/a	38214	40
76.92	n/a	38460	41
78.056	n/a	39028	14
78.35	n/a	39175	44
79.084	n/a	39542	39
80.322	n/a	40161	16
80.74	n/a	40370	45
81.248	n/a	40624	46
82.554	n/a	41277	12
82.944	n/a	41472	40
83.456	n/a	41728	41
84.734	n/a	42367	14
85.256	n/a	42628	42
85.776	n/a	42888	43
87.03	n/a	43515	16
87.382	n/a	43691	35
87.908	n/a	43954	36
89.094	n/a	44547	13
89.678	n/a	44839	32
90.154	n/a	45077	51
91.32	n/a	45660	16
91.788	n/a	45894	45
92.262	n/a	46131	46
93.514	n/a	46757	12
93.912	n/a	46956	30
94.506	n/a	47253	31
95.828	n/a	47914	14
96.226	n/a	48113	42
96.726	n/a	48363	43
97.88	n/a	48940	13
98.242	n/a	49121	42
98.886	n/a	49443	43
100.022	n/a	50011	11
100.522	n/a	50261	30
100.964	n/a	50482	31
102.244	n/a	51122	13
102.678	n/a	51339	32
103.188	n/a	51594	33
104.362	n/a	52181	16
104.928	n/a	52464	45
105.282	n/a	52641	46
106.59	n/a	53295	12
106.96	n/a	53480	40
107.498	n/a	53749	41
108.688	n/a	54344	14
109.07	n/a	54535	42
109.568	n/a	54784	43
110.852	n/a	55426	14
111.21	n/a	55605	42
111.902	n/a	55951	43
113.142	n/a	56571	15
113.602	n/a	56801	45
114.062	n/a	57031	46
115.392	n/a	57696	13
115.758	n/a	57879	32
116.27	n/a	58135	33
117.432	n/a	58716	16
118.024	n/a	59012	45
118.412	n/a	59206	46
119.726	n/a	59863	12
120.274	n/a	60137	40
120.66	n/a	60330	41
121.874	n/a	60937	12
122.32	n/a	61160	40
122.79	n/a	61395	41
123.944	n/a	61972	11
124.446	n/a	62223	30
124.9	n/a	62450	31
126.06	n/a	63030	14
126.478	n/a	63239	42
126.984	n/a	63492	43
128.264	n/a	64132	12
128.54	n/a	64270	40
129.274	n/a	64637	41
130.438	n/a	65219	15
130.93	n/a	65465	37
131.35	n/a	65675	48
132.59	n/a	66295	13
132.978	n/a	66489	42
133.514	n/a	66757	43
134.7	n/a	67350	15
134.914	n/a	67457	35
135.726	n/a	67863	36
137.034	n/a	68517	15
137.54	n/a	68770	47
138.062	n/a	69031	38
139.368	n/a	69684	14
139.838	n/a	69919	42
140.338	n/a	70169	43
141.496	n/a	70748	15
142.056	n/a	71028	37
142.538	n/a	71269	51
143.852	n/a	71926	12
144.448	n/a	72224	40
144.948	n/a	72474	41
146.258	n/a	73129	11
146.588	n/a	73294	40
147.218	n/a	73609	41
148.508	n/a	74254	11
148.806	n/a	74403	30
149.47	n/a	74735	31
150.704	n/a	75352	16
151.152	n/a	75576	37
151.62	n/a	75810	48
152.784	n/a	76392	16
153.198	n/a	76599	45
153.754	n/a	76877	46
155.07	n/a	77535	15
155.51	n/a	77755	37
156.066	n/a	78033	48
157.218	n/a	78609	14
157.624	n/a	78812	42
158.33	n/a	79165	43
159.544	n/a	79772	12
159.932	n/a	79966	40
160.568	n/a	80284	41
161.864	n/a	80932	12
162.166	n/a	81083	40
162.8	n/a	81400	41
164.06	n/a	82030	15
164.714	n/a	82357	35
165.21	n/a	82605	51
166.42	n/a	83210	13
166.886	n/a	83443	32
167.426	n/a	83713	33
168.692	n/a	84346	13
169.104	n/a	84552	34
169.684	n/a	84842	49
170.922	n/a	85461	15
171.448	n/a	85724	35
171.832	n/a	85916	36
172.974	n/a	86487	14
173.386	n/a	86693	42
173.86	n/a	86930	43
175.028	n/a	87514	13
175.122	n/a	87561	32
175.932	n/a	87966	33
177.258	n/a	88629	13
177.512	n/a	88756	42
178.278	n/a	89139	43
179.516	n/a	89758	12
179.778	n/a	89889	40
180.47	n/a	90235	41
181.792	n/a	90896	15
182.042	n/a	91021	35
182.814	n/a	91407	36
184.118	n/a	92059	15
184.496	n/a	92248	45
184.99	n/a	92495	46
186.134	n/a	93067	15
186.622	n/a	93311	37
187.094	n/a	93547	48
188.312	n/a	94156	14
188.824	n/a	94412	32
189.238	n/a	94619	33
190.428	n/a	95214	25
190.808	n/a	95404	67
191.46	n/a	95730	88
192.61	n/a	96305	22
192.918	n/a	96459	80
193.574	n/a	96787	81
194.732	n/a	97366	25
194.888	n/a	97444	67
195.72	n/a	97860	88
196.862	n/a	98431	25
197.246	n/a	98623	87
197.782	n/a	98891	68
198.94	n/a	99470	21
199.544	n/a	99772	60
199.932	n/a	99966	61
201.078	n/a	100539	25
201.512	n/a	100756	87
202.016	n/a	101008	68
203.152	n/a	101576	26
203.622	n/a	101811	87
204.118	n/a	102059	68
205.376	n/a	102688	22
205.732	n/a	102866	60
206.244	n/a	103122	61
207.512	n/a	103756	24
207.982	n/a	103991	82
208.43	n/a	104215	83
209.59	n/a	104795	23
210.06	n/a	105030	82
210.648	n/a	105324	83
211.952	n/a	105976	22
212.528	n/a	106264	80
213.014	n/a	106507	81
214.206	n/a	107103	24
215.198	n/a	107599	63
216.412	n/a	108206	21
216.95	n/a	108475	80
217.292	n/a	108646	81
218.592	n/a	109296	22
219.076	n/a	109538	80
219.6	n/a	109800	81
220.826	n/a	110413	23
221.108	n/a	110554	82
221.83	n/a	110915	83
223.048	n/a	111524	23
223.436	n/a	111718	62
223.984	n/a	111992	63
225.236	n/a	112618	22
225.624	n/a	112812	80
226.284	n/a	113142	81
227.472	n/a	113736	26
227.968	n/a	113984	65
228.502	n/a	114251	66
229.676	n/a	114838	22
230.12	n/a	115060	80
230.768	n/a	115384	81
232.042	n/a	116021	21
232.39	n/a	116195	80
233.09	n/a	116545	81
234.306	n/a	117153	24
234.654	n/a	117327	82
235.186	n/a	117593	83
236.4	n/a	118200	23
236.906	n/a	118453	82
237.292	n/a	118646	83
238.492	n/a	119246	22
238.89	n/a	119445	80
239.386	n/a	119693	81
240.69	n/a	120345	26
241.156	n/a	120578	85
241.582	n/a	120791	86
242.8	n/a	121400	24
243.28	n/a	121640	64
243.85	n/a	121925	89
245.092	n/a	122546	23
245.358	n/a	122679	62
246.012	n/a	123006	63
247.168	n/a	123584	23
247.53	n/a	123765	62
248.082	n/a	124041	63
249.246	n/a	124623	21
249.562	n/a	124781	60
250.232	n/a	125116	61
251.52	n/a	125760	26
251.796	n/a	125898	65
252.434	n/a	126217	66
253.606	n/a	126803	21
254.016	n/a	127008	80
254.646	n/a	127323	81
255.82	n/a	127910	24
256.234	n/a	128117	82
256.782	n/a	128391	83
258.018	n/a	129009	22
258.14	n/a	129070	60
259.022	n/a	129511	61
260.198	n/a	130099	21
260.406	n/a	130203	80
261.248	n/a	130624	81
262.448	n/a	131224	26
262.656	n/a	131328	85
263.372	n/a	131686	86
264.568	n/a	132284	26
264.656	n/a	132328	67
265.472	n/a	132736	88
266.67	n/a	133335	23
266.702	n/a	133351	64
267.666	n/a	133833	89
268.844	n/a	134422	24
269.062	n/a	134531	62
269.724	n/a	134862	63
270.992	n/a	135496	23
271.438	n/a	135719	82
271.978	n/a	135989	83
273.284	n/a	136642	26
273.752	n/a	136876	87
274.342	n/a	137171	68
275.67	n/a	137835	23
276.11	n/a	138055	62
276.678	n/a	138339	63
277.968	n/a	138984	24
278.548	n/a	139274	64
278.974	n/a	139487	51
280.272	n/a	140136	25
280.626	n/a	140313	67
281.304	n/a	140652	88
282.636	n/a	141318	26
282.924	n/a	141462	65
283.614	n/a	141807	66
284.864	n/a	142432	26
285.35	n/a	142675	67
285.98	n/a	142990	88
287.216	n/a	143608	22
287.518	n/a	143759	80
288.124	n/a	144062	81
289.302	n/a	144651	23
289.564	n/a	144782	82
290.356	n/a	145178	83
291.596	n/a	145798	23
291.814	n/a	145907	64
292.504	n/a	146252	89
293.754	n/a	146877	26
293.788	n/a	146894	87
294.816	n/a	147408	68
296.114	n/a	148057	21
296.392	n/a	148196	60
297.148	n/a	148574	61
298.412	n/a	149206	25
298.878	n/a	149439	87
299.432	n/a	149716	68
300.712	n/a	150356	25
301.158	n/a	150579	87
301.67	n/a	150835	68
302.986	n/a	151493	21
303.362	n/a	151681	80
304.042	n/a	152021	81
305.188	n/a	152594	21
305.644	n/a	152822	80
306.072	n/a	153036	81
307.334	n/a	153667	24
307.924	n/a	153962	82
308.362	n/a	154181	51
309.678	n/a	154839	25
310.066	n/a	155033	87
310.566	n/a	155283	68
311.742	n/a	155871	24
312.206	n/a	156103	82
312.804	n/a	156402	83
313.996	n/a	156998	25
314.41	n/a	157205	87
315.028	n/a	157514	68
316.174	n/a	158087	26
316.674	n/a	158337	85
317.064	n/a	158532	86
318.206	n/a	159103	22
318.566	n/a	159283	60
319.196	n/a	159598	61
320.494	n/a	160247	25
320.94	n/a	160470	87
321.37	n/a	160685	68
322.536	n/a	161268	21
322.91	n/a	161455	80
323.556	n/a	161778	81
324.744	n/a	162372	26
325.05	n/a	162525	87
325.796	n/a	162898	68
327.076	n/a	163538	25
327.52	n/a	163760	87
328.134	n/a	164067	68
329.36	n/a	164680	22
329.816	n/a	164908	80
330.418	n/a	165209	81
331.562	n/a	165781	21
331.91	n/a	165955	80
332.464	n/a	166232	81
333.768	n/a	166884	24
333.802	n/a	166901	62
334.662	n/a	167331	63
335.92	n/a	167960	21
336.302	n/a	168151	80
336.862	n/a	168431	81
338.092	n/a	169046	24
338.536	n/a	169268	82
339.048	n/a	169524	83
340.336	n/a	170168	21
340.676	n/a	170338	80
341.312	n/a	170656	81
342.53	n/a	171265	24
342.88	n/a	171440	84
343.428	n/a	171714	69
344.602	n/a	172301	23
345.146	n/a	172573	62
345.59	n/a	172795	63
346.734	n/a	173367	25
347.396	n/a	173698	67
347.846	n/a	173923	51
348.98	n/a	174490	24
349.302	n/a	174651	62
349.858	n/a	174929	63
351.182	n/a	175591	25
351.646	n/a	175823	67
352.11	n/a	176055	88
353.36	n/a	176680	22
353.772	n/a	176886	60
354.362	n/a	177181	61
445.17	n/a	222585	11
445.448	n/a	222724	30
446.042	n/a	223021	31
447.258	n/a	223629	12
447.48	n/a	223740	30
448.284	n/a	224142	31
449.56	n/a	224780	14
449.994	n/a	224997	32
450.472	n/a	225236	51
451.68	n/a	225840	12
452.088	n/a	226044	30
452.674	n/a	226337	31
453.986	n/a	226993	15
454.51	n/a	227255	47
455.034	n/a	227517	38
456.18	n/a	228090	16
456.746	n/a	228373	45
457.256	n/a	228628	46
458.484	n/a	229242	12
458.886	n/a	229443	30
459.418	n/a	229709	31
460.698	n/a	230349	11
461.152	n/a	230576	30
461.752	n/a	230876	31
462.9	n/a	231450	14
463.464	n/a	231732	32
463.874	n/a	231937	33
465.058	n/a	232529	12
465.464	n/a	232732	40
466.112	n/a	233056	41
467.324	n/a	233662	11
467.746	n/a	233873	30
468.272	n/a	234136	31
469.572	n/a	234786	16
469.996	n/a	234998	35
470.47	n/a	235235	36
471.742	n/a	235871	13
472.2	n/a	236100	42
472.636	n/a	236318	43
473.946	n/a	236973	12
474.544	n/a	237272	30
474.958	n/a	237479	31
476.192	n/a	238096	11
476.636	n/a	238318	30
477.162	n/a	238581	31
478.376	n/a	239188	16
478.888	n/a	239444	37
479.412	n/a	239706	48
480.574	n/a	240287	14
481.106	n/a	240553	32
481.582	n/a	240791	33
482.876	n/a	241438	14
483.356	n/a	241678	32
483.938	n/a	241969	33
485.166	n/a	242583	12
485.574	n/a	242787	30
486.102	n/a	243051	31
487.348	n/a	243674	15
487.934	n/a	243967	45
488.432	n/a	244216	46
489.57	n/a	244785	13
490.012	n/a	245006	42
490.52	n/a	245260	43
491.85	n/a	245925	16
492.294	n/a	246147	35
492.764	n/a	246382	36
493.934	n/a	246967	14
494.404	n/a	247202	42
494.876	n/a	247438	43
496.126	n/a	248063	16
496.688	n/a	248344	45
497.186	n/a	248593	46
498.47	n/a	249235	13
499.014	n/a	249507	34
499.454	n/a	249727	49
500.634	n/a	250317	11
500.982	n/a	250491	40
501.516	n/a	250758	41
502.84	n/a	251420	11
503.124	n/a	251562	30
503.818	n/a	251909	31
505.036	n/a	252518	12
505.624	n/a	252812	40
506.094	n/a	253047	51
507.412	n/a	253706	14
507.826	n/a	253913	34
508.304	n/a	254152	49
509.618	n/a	254809	12
509.874	n/a	254937	40
510.552	n/a	255276	41
511.7	n/a	255850	15
512.326	n/a	256163	35
512.814	n/a	256407	36
514.04	n/a	257020	13
514.482	n/a	257241	34
515.098	n/a	257549	49
516.424	n/a	258212	13
516.826	n/a	258413	32
517.422	n/a	258711	33
518.724	n/a	259362	11
519.124	n/a	259562	40
519.77	n/a	259885	41
521.038	n/a	260519	16
521.452	n/a	260726	47
522.084	n/a	261042	38
523.388	n/a	261694	15
523.952	n/a	261976	47
524.316	n/a	262158	38
525.534	n/a	262767	12
526	n/a	263000	40
526.518	n/a	263259	41
527.858	n/a	263929	15
528.172	n/a	264086	45
528.892	n/a	264446	46
530.104	n/a	265052	16
530.5	n/a	265250	47
531.148	n/a	265574	38
532.422	n/a	266211	14
532.906	n/a	266453	32
533.428	n/a	266714	33
534.756	n/a	267378	16
535.172	n/a	267586	47
535.75	n/a	267875	38
537.052	n/a	268526	11
537.61	n/a	268805	30
538.086	n/a	269043	31
539.362	n/a	269681	16
539.922	n/a	269961	45
540.26	n/a	270130	46
541.41	n/a	270705	16
541.812	n/a	270906	47
542.284	n/a	271142	38
543.442	n/a	271721	14
543.828	n/a	271914	42
544.324	n/a	272162	43
545.528	n/a	272764	11
546.126	n/a	273063	30
546.578	n/a	273289	31
547.814	n/a	273907	12
548.188	n/a	274094	30
548.692	n/a	274346	31
549.966	n/a	274983	13
550.47	n/a	275235	32
550.97	n/a	275485	33
552.204	n/a	276102	15
552.75	n/a	276375	37
553.232	n/a	276616	48
554.546	n/a	277273	14
554.782	n/a	277391	44
555.47	n/a	277735	39
556.758	n/a	278379	14
557.158	n/a	278579	32
557.718	n/a	278859	33
558.878	n/a	279439	16
559.314	n/a	279657	45
559.93	n/a	279965	46
561.192	n/a	280596	15
561.736	n/a	280868	45
562.186	n/a	281093	51
563.422	n/a	281711	13
563.924	n/a	281962	32
564.404	n/a	282202	33
565.606	n/a	282803	13
566.064	n/a	283032	42
566.566	n/a	283283	43
567.73	n/a	283865	12
568.252	n/a	284126	40
568.782	n/a	284391	41
569.986	n/a	284993	14
570.532	n/a	285266	42
571.042	n/a	285521	43
572.232	n/a	286116	13
572.642	n/a	286321	42
573.23	n/a	286615	43
574.472	n/a	287236	15
574.814	n/a	287407	37
575.352	n/a	287676	48
576.62	n/a	288310	13
577.19	n/a	288595	32
577.572	n/a	288786	33
578.886	n/a	289443	11
579.486	n/a	289743	30
579.956	n/a	289978	31
581.09	n/a	290545	15
581.518	n/a	290759	45
582.142	n/a	291071	46
583.44	n/a	291720	15
583.986	n/a	291993	45
584.332	n/a	292166	46
585.59	n/a	292795	15
586.064	n/a	293032	37
586.556	n/a	293278	48
587.822	n/a	293911	12
588.252	n/a	294126	40
588.698	n/a	294349	41
589.94	n/a	294970	11
590.486	n/a	295243	30
590.992	n/a	295496	31
592.232	n/a	296116	13
592.596	n/a	296298	42
593.228	n/a	296614	43
594.404	n/a	297202	13
594.8	n/a	297400	34
595.27	n/a	297635	49
596.476	n/a	298238	14
596.956	n/a	298478	42
597.532	n/a	298766	43
598.738	n/a	299369	15
599.034	n/a	299517	47
599.76	n/a	299880	38
601.05	n/a	300525	11
601.472	n/a	300736	40
601.922	n/a	300961	41
603.248	n/a	301624	12
603.69	n/a	301845	40
604.132	n/a	302066	41
605.318	n/a	302659	16
605.628	n/a	302814	37
606.264	n/a	303132	48
607.434	n/a	303717	13
607.722	n/a	303861	32
608.464	n/a	304232	33
609.618	n/a	304809	16
610.224	n/a	305112	47
610.586	n/a	305293	38
611.77	n/a	305885	26
612.206	n/a	306103	85
612.678	n/a	306339	86
613.854	n/a	306927	21
614.238	n/a	307119	60
614.846	n/a	307423	61
615.984	n/a	307992	26
616.41	n/a	308205	65
617.024	n/a	308512	66
618.232	n/a	309116	23
618.66	n/a	309330	62
619.102	n/a	309551	63
620.296	n/a	310148	23
620.724	n/a	310362	62
621.26	n/a	310630	63
622.576	n/a	311288	26
623.036	n/a	311518	87
623.454	n/a	311727	68
624.636	n/a	312318	22
625.098	n/a	312549	80
625.594	n/a	312797	81
626.796	n/a	313398	25
627.322	n/a	313661	87
627.752	n/a	313876	68
628.918	n/a	314459	21
629.49	n/a	314745	60
629.89	n/a	314945	51
631.116	n/a	315558	24
631.74	n/a	315870	84
632.256	n/a	316128	69
633.492	n/a	316746	22
633.942	n/a	316971	80
634.424	n/a	317212	81
635.628	n/a	317814	22
636.068	n/a	318034	80
636.638	n/a	318319	81
637.896	n/a	318948	21
638.302	n/a	319151	80
638.86	n/a	319430	81
640.022	n/a	320011	23
640.396	n/a	320198	62
640.916	n/a	320458	63
642.078	n/a	321039	22
642.522	n/a	321261	80
643.058	n/a	321529	81
644.328	n/a	322164	25
644.74	n/a	322370	67
645.236	n/a	322618	88
646.57	n/a	323285	21
647.022	n/a	323511	60
647.484	n/a	323742	61
648.81	n/a	324405	25
649.334	n/a	324667	67
649.69	n/a	324845	88
651.028	n/a	325514	21
651.454	n/a	325727	60
652.15	n/a	326075	61
653.296	n/a	326648	24
653.678	n/a	326839	62
654.192	n/a	327096	63
655.498	n/a	327749	21
655.944	n/a	327972	60
656.458	n/a	328229	61
657.702	n/a	328851	25
658.21	n/a	329105	87
658.702	n/a	329351	68
659.842	n/a	329921	21
660.35	n/a	330175	60
660.784	n/a	330392	61
662.042	n/a	331021	22
662.506	n/a	331253	60
663.02	n/a	331510	61
664.168	n/a	332084	23
664.678	n/a	332339	62
665.232	n/a	332616	63
666.384	n/a	333192	23
666.866	n/a	333433	82
667.382	n/a	333691	83
668.544	n/a	334272	22
668.992	n/a	334496	80
669.48	n/a	334740	81
670.682	n/a	335341	25
671.086	n/a	335543	87
671.67	n/a	335835	68
672.892	n/a	336446	23
673.288	n/a	336644	62
673.896	n/a	336948	63
675.228	n/a	337614	25
675.508	n/a	337754	67
676.166	n/a	338083	88
677.348	n/a	338674	22
677.726	n/a	338863	80
678.34	n/a	339170	81
679.648	n/a	339824	25
679.992	n/a	339996	87
680.644	n/a	340322	68
681.862	n/a	340931	22
682.288	n/a	341144	60
682.816	n/a	341408	61
684.124	n/a	342062	25
684.68	n/a	342340	87
685.104	n/a	342552	51
686.348	n/a	343174	26
686.712	n/a	343356	67
687.26	n/a	343630	88
688.534	n/a	344267	23
689.102	n/a	344551	62
689.58	n/a	344790	63
690.842	n/a	345421	24
691.414	n/a	345707	62
691.818	n/a	345909	63
693.148	n/a	346574	24
693.664	n/a	346832	64
694.052	n/a	347026	89
695.328	n/a	347664	21
695.79	n/a	347895	60
696.28	n/a	348140	61
697.518	n/a	348759	24
698.072	n/a	349036	62
698.6	n/a	349300	63
699.75	n/a	349875	21
700.228	n/a	350114	60
700.672	n/a	350336	61
701.992	n/a	350996	21
702.322	n/a	351161	80
703	n/a	351500	81
704.314	n/a	352157	21
704.712	n/a	352356	60
705.27	n/a	352635	61
706.41	n/a	353205	26
706.76	n/a	353380	87
707.436	n/a	353718	68
708.656	n/a	354328	25
709.102	n/a	354551	87
709.578	n/a	354789	68
710.732	n/a	355366	26
711.166	n/a	355583	65
711.728	n/a	355864	66
712.97	n/a	356485	24
713.556	n/a	356778	62
714.03	n/a	357015	63
715.306	n/a	357653	26
715.822	n/a	357911	67
716.178	n/a	358089	88
717.472	n/a	358736	23
717.916	n/a	358958	62
718.52	n/a	359260	63
719.77	n/a	359885	24
720.166	n/a	360083	82
720.752	n/a	360376	83
721.904	n/a	360952	25
722.354	n/a	361177	87
722.892	n/a	361446	68
724.214	n/a	362107	22
724.76	n/a	362380	80
725.294	n/a	362647	51
726.448	n/a	363224	23
726.994	n/a	363497	64
727.478	n/a	363739	89
728.73	n/a	364365	23
729.136	n/a	364568	84
729.622	n/a	364811	69
730.834	n/a	365417	24
731.386	n/a	365693	64
731.78	n/a	365890	89
733.058	n/a	366529	22
733.48	n/a	366740	80
733.966	n/a	366983	81
735.174	n/a	367587	24
735.698	n/a	367849	62
736.142	n/a	368071	63
737.462	n/a	368731	26
737.62	n/a	368810	87
738.412	n/a	369206	68
739.566	n/a	369783	25
740.088	n/a	370044	87
740.432	n/a	370216	68
741.746	n/a	370873	24
742.276	n/a	371138	62
742.806	n/a	371403	63
744.024	n/a	372012	26
744.48	n/a	372240	65
744.916	n/a	372458	66
746.226	n/a	373113	25
746.652	n/a	373326	67
747.198	n/a	373599	88
748.476	n/a	374238	23
748.996	n/a	374498	62
749.356	n/a	374678	63
750.616	n/a	375308	26
751.042	n/a	375521	65
751.56	n/a	375780	66
752.774	n/a	376387	24
753.292	n/a	376646	82
753.758	n/a	376879	83
755.02	n/a	377510	24
755.496	n/a	377748	62
756.044	n/a	378022	63
757.362	n/a	378681	26
757.856	n/a	378928	65
758.404	n/a	379202	66
759.702	n/a	379851	21
760.168	n/a	380084	60
760.738	n/a	380369	61
762.072	n/a	381036	23
762.576	n/a	381288	82
762.992	n/a	381496	83
764.184	n/a	382092	24
764.668	n/a	382334	82
765.24	n/a	382620	83
766.394	n/a	383197	26
766.81	n/a	383405	67
767.326	n/a	383663	88
768.49	n/a	384245	22
768.92	n/a	384460	80
769.442	n/a	384721	81
770.63	n/a	385315	25
771.09	n/a	385545	87
771.566	n/a	385783	68
772.71	n/a	386355	21
773.262	n/a	386631	60
773.696	n/a	386848	61
775.012	n/a	387506	22
775.498	n/a	387749	80
775.884	n/a	387942	81
833.54	n/a	416770	14
833.798	n/a	416899	42
834.452	n/a	417226	43
835.59	n/a	417795	15
835.984	n/a	417992	35
836.49	n/a	418245	51
837.646	n/a	418823	16
837.86	n/a	418930	47
838.604	n/a	419302	38
839.816	n/a	419908	12
840.25	n/a	420125	30
840.772	n/a	420386	31
842.08	n/a	421040	14
842.486	n/a	421243	34
842.994	n/a	421497	49
844.304	n/a	422152	15
844.7	n/a	422350	37
845.306	n/a	422653	48
846.572	n/a	423286	11
846.986	n/a	423493	40
847.49	n/a	423745	41
848.78	n/a	424390	11
849.204	n/a	424602	30
849.8	n/a	424900	31
850.944	n/a	425472	12
851.346	n/a	425673	40
851.906	n/a	425953	41
853.162	n/a	426581	15
853.596	n/a	426798	45
854.17	n/a	427085	46
855.496	n/a	427748	14
855.94	n/a	427970	32
856.54	n/a	428270	33
857.702	n/a	428851	14
858.142	n/a	429071	32
858.634	n/a	429317	33
859.836	n/a	429918	11
860.298	n/a	430149	40
860.704	n/a	430352	41
862.486	n/a	431243	47
862.926	n/a	431463	38
864.142	n/a	432071	13
864.658	n/a	432329	32
865.168	n/a	432584	33
866.458	n/a	433229	15
867.098	n/a	433549	45
867.562	n/a	433781	46
868.776	n/a	434388	15
868.814	n/a	434407	37
869.692	n/a	434846	48
871.006	n/a	435503	14
871.628	n/a	435814	42
872.126	n/a	436063	43
873.328	n/a	436664	11
873.752	n/a	436876	40
874.348	n/a	437174	41
875.616	n/a	437808	14
876.128	n/a	438064	32
876.578	n/a	438289	33
877.794	n/a	438897	16
878.346	n/a	439173	45
878.726	n/a	439363	46
879.954	n/a	439977	16
880.394	n/a	440197	35
881.004	n/a	440502	36
882.32	n/a	441160	12
882.864	n/a	441432	30
883.28	n/a	441640	31
884.426	n/a	442213	16
884.94	n/a	442470	37
885.446	n/a	442723	48
886.728	n/a	443364	15
887.176	n/a	443588	35
887.694	n/a	443847	36
888.886	n/a	444443	14
889.456	n/a	444728	42
889.922	n/a	444961	51
891.056	n/a	445528	12
891.486	n/a	445743	30
891.972	n/a	445986	31
893.136	n/a	446568	15
893.598	n/a	446799	47
894.152	n/a	447076	38
895.352	n/a	447676	13
895.738	n/a	447869	42
896.236	n/a	448118	43
897.438	n/a	448719	15
898.006	n/a	449003	47
898.436	n/a	449218	38
899.722	n/a	449861	15
900.098	n/a	450049	35
900.698	n/a	450349	36
901.864	n/a	450932	14
902.222	n/a	451111	32
902.826	n/a	451413	33
904.088	n/a	452044	12
904.488	n/a	452244	30
905.13	n/a	452565	31
906.43	n/a	453215	12
906.738	n/a	453369	40
907.49	n/a	453745	41
908.764	n/a	454382	14
909.02	n/a	454510	32
909.756	n/a	454878	33
910.894	n/a	455447	12
911.27	n/a	455635	30
911.838	n/a	455919	31
913.104	n/a	456552	13
913.474	n/a	456737	42
913.986	n/a	456993	43
915.31	n/a	457655	16
915.77	n/a	457885	37
916.198	n/a	458099	48
917.482	n/a	458741	13
917.77	n/a	458885	32
918.506	n/a	459253	33
919.768	n/a	459884	13
920.162	n/a	460081	32
920.79	n/a	460395	33
922	n/a	461000	16
922.536	n/a	461268	35
923.06	n/a	461530	36
924.214	n/a	462107	13
924.584	n/a	462292	32
925.194	n/a	462597	33
926.422	n/a	463211	11
926.99	n/a	463495	40
927.436	n/a	463718	41
928.76	n/a	464380	16
929.194	n/a	464597	47
929.804	n/a	464902	38
930.976	n/a	465488	12
931.474	n/a	465737	30
932.018	n/a	466009	31
933.174	n/a	466587	11
933.63	n/a	466815	40
934.18	n/a	467090	41
935.322	n/a	467661	12
935.756	n/a	467878	40
936.242	n/a	468121	41
937.51	n/a	468755	13
937.974	n/a	468987	44
938.424	n/a	469212	39
939.636	n/a	469818	15
940.288	n/a	470144	35
940.644	n/a	470322	51
941.952	n/a	470976	11
942.444	n/a	471222	40
942.994	n/a	471497	41
944.28	n/a	472140	12
944.788	n/a	472394	40
945.306	n/a	472653	41
946.51	n/a	473255	15
946.928	n/a	473464	47
947.564	n/a	473782	38
948.704	n/a	474352	16
950.194	n/a	475097	37
950.572	n/a	475286	51
951.722	n/a	475861	12
952.256	n/a	476128	30
952.688	n/a	476344	31
953.84	n/a	476920	16
954.366	n/a	477183	45
954.794	n/a	477397	46
955.994	n/a	477997	16
956.46	n/a	478230	35
956.98	n/a	478490	36
958.248	n/a	479124	15
958.742	n/a	479371	37
959.166	n/a	479583	48
960.33	n/a	480165	11
960.758	n/a	480379	40
961.198	n/a	480599	41
962.47	n/a	481235	16
962.962	n/a	481481	35
963.346	n/a	481673	36
964.62	n/a	482310	11
965.024	n/a	482512	30
965.646	n/a	482823	31
966.976	n/a	483488	11
967.43	n/a	483715	30
967.95	n/a	483975	31
969.238	n/a	484619	14
969.68	n/a	484840	34
970.122	n/a	485061	49
971.424	n/a	485712	13
971.978	n/a	485989	42
972.47	n/a	486235	43
973.678	n/a	486839	11
974.148	n/a	487074	30
974.676	n/a	487338	31
975.942	n/a	487971	13
976.446	n/a	488223	32
976.816	n/a	488408	33
978.04	n/a	489020	12
978.508	n/a	489254	30
979.02	n/a	489510	31
980.184	n/a	490092	13
980.602	n/a	490301	34
981.168	n/a	490584	49
982.468	n/a	491234	11
982.884	n/a	491442	30
983.466	n/a	491733	31
984.784	n/a	492392	14
985.274	n/a	492637	42
985.818	n/a	492909	43
987.056	n/a	493528	13
987.602	n/a	493801	32
987.958	n/a	493979	33
989.108	n/a	494554	13
989.54	n/a	494770	32
989.994	n/a	494997	33
991.314	n/a	495657	13
991.666	n/a	495833	34
992.378	n/a	496189	49
993.638	n/a	496819	16
994.088	n/a	497044	47
994.644	n/a	497322	38
995.912	n/a	497956	14
996.198	n/a	498099	32
996.892	n/a	498446	33
998.162	n/a	499081	12
998.588	n/a	499294	30
999.098	n/a	499549	31
1000.24	n/a	500120	21
1000.682	n/a	500341	60
1001.236	n/a	500618	61
1002.504	n/a	501252	22
1002.854	n/a	501427	80
1003.458	n/a	501729	81
1004.764	n/a	502382	23
1005.306	n/a	502653	62
1005.822	n/a	502911	63
1007.098	n/a	503549	26
1007.464	n/a	503732	67
1008.12	n/a	504060	88
1009.436	n/a	504718	26
1009.822	n/a	504911	85
1010.436	n/a	505218	86
1011.766	n/a	505883	26
1012.228	n/a	506114	87
1012.696	n/a	506348	68
1013.942	n/a	506971	23
1014.37	n/a	507185	62
1014.988	n/a	507494	63
1016.298	n/a	508149	23
1016.714	n/a	508357	62
1017.242	n/a	508621	63
1018.392	n/a	509196	21
1018.902	n/a	509451	80
1019.32	n/a	509660	81
1020.616	n/a	510308	21
1020.996	n/a	510498	60
1021.602	n/a	510801	61
1022.898	n/a	511449	26
1023.418	n/a	511709	85
1023.92	n/a	511960	86
1025.164	n/a	512582	22
1025.73	n/a	512865	60
1026.166	n/a	513083	61
1027.396	n/a	513698	24
1028.012	n/a	514006	62
1028.378	n/a	514189	63
1029.65	n/a	514825	22
1030.104	n/a	515052	80
1030.55	n/a	515275	81
1031.878	n/a	515939	24
1032.402	n/a	516201	62
1032.798	n/a	516399	63
1034.118	n/a	517059	21
1034.62	n/a	517310	60
1035.024	n/a	517512	61
1036.254	n/a	518127	21
1036.7	n/a	518350	80
1037.258	n/a	518629	81
1038.466	n/a	519233	23
1038.95	n/a	519475	62
1039.462	n/a	519731	63
1040.672	n/a	520336	22
1041.09	n/a	520545	80
1041.548	n/a	520774	81
1042.846	n/a	521423	22
1043.262	n/a	521631	60
1043.798	n/a	521899	61
1044.99	n/a	522495	25
1045.466	n/a	522733	67
1046.024	n/a	523012	88
1047.262	n/a	523631	21
1047.81	n/a	523905	80
1048.276	n/a	524138	81
1049.596	n/a	524798	23
1050.122	n/a	525061	62
1050.566	n/a	525283	63
1051.734	n/a	525867	26
1052.216	n/a	526108	85
1052.76	n/a	526380	86
1054.012	n/a	527006	23
1054.45	n/a	527225	62
1054.95	n/a	527475	63
1056.104	n/a	528052	26
1056.654	n/a	528327	67
1057.044	n/a	528522	51
1058.346	n/a	529173	23
1058.888	n/a	529444	62
1059.404	n/a	529702	63
1060.592	n/a	530296	24
1061.184	n/a	530592	62
1061.594	n/a	530797	63
1062.844	n/a	531422	21
1063.326	n/a	531663	60
1063.806	n/a	531903	61
1065.134	n/a	532567	25
1065.654	n/a	532827	87
1066.118	n/a	533059	68
1067.448	n/a	533724	22
1067.904	n/a	533952	80
1068.362	n/a	534181	81
1069.518	n/a	534759	24
1070.138	n/a	535069	64
1070.636	n/a	535318	89
1071.952	n/a	535976	22
1072.326	n/a	536163	60
1072.876	n/a	536438	61
1074.028	n/a	537014	24
1074.576	n/a	537288	62
1075.012	n/a	537506	63
1076.15	n/a	538075	24
1076.67	n/a	538335	64
1077.096	n/a	538548	89
1078.238	n/a	539119	22
1078.764	n/a	539382	80
1079.18	n/a	539590	81
1080.316	n/a	540158	23
1080.654	n/a	540327	82
1081.278	n/a	540639	83
1082.44	n/a	541220	25
1082.874	n/a	541437	67
1083.456	n/a	541728	88
1084.762	n/a	542381	25
1085.154	n/a	542577	87
1085.694	n/a	542847	68
1086.858	n/a	543429	26
1087.436	n/a	543718	65
1087.84	n/a	543920	66
1089.1	n/a	544550	25
1089.562	n/a	544781	87
1090.008	n/a	545004	68
1091.28	n/a	545640	24
1091.718	n/a	545859	82
1092.302	n/a	546151	83
1093.436	n/a	546718	25
1093.858	n/a	546929	87
1094.412	n/a	547206	68
1095.696	n/a	547848	25
1096.14	n/a	548070	87
1096.7	n/a	548350	68
1097.956	n/a	548978	21
1098.53	n/a	549265	60
1099.056	n/a	549528	61
1100.298	n/a	550149	22
1100.828	n/a	550414	60
1101.27	n/a	550635	61
1102.418	n/a	551209	25
1102.906	n/a	551453	87
1103.334	n/a	551667	68
1104.644	n/a	552322	24
1105.188	n/a	552594	82
1105.718	n/a	552859	83
1106.888	n/a	553444	21
1107.438	n/a	553719	80
1107.968	n/a	553984	81
1109.174	n/a	554587	25
1109.562	n/a	554781	67
1110.22	n/a	555110	88
1111.494	n/a	555747	21
1111.984	n/a	555992	80
1112.414	n/a	556207	81
1113.674	n/a	556837	23
1114.234	n/a	557117	64
1114.572	n/a	557286	51
1115.884	n/a	557942	25
1116.516	n/a	558258	87
1116.966	n/a	558483	68
1118.274	n/a	559137	26
1118.922	n/a	559461	87
1119.406	n/a	559703	51
1120.74	n/a	560370	23
1121.188	n/a	560594	62
1121.716	n/a	560858	63
1122.888	n/a	561444	26
1123.422	n/a	561711	67
1123.884	n/a	561942	88
1125.184	n/a	562592	22
1125.672	n/a	562836	60
1126.244	n/a	563122	61
1127.398	n/a	563699	24
1127.814	n/a	563907	82
1128.456	n/a	564228	83
1129.776	n/a	564888	24
1130.11	n/a	565055	62
1130.716	n/a	565358	63
1131.968	n/a	565984	22
1132.58	n/a	566290	60
1132.976	n/a	566488	61
1134.154	n/a	567077	21
1134.674	n/a	567337	80
1135.138	n/a	567569	81
1136.35	n/a	568175	26
1137.274	n/a	568637	86
1138.564	n/a	569282	26
1139.08	n/a	569540	87
1139.444	n/a	569722	68
1140.714	n/a	570357	24
1141.268	n/a	570634	62
1141.704	n/a	570852	63
1142.932	n/a	571466	25
1143.408	n/a	571704	67
1143.83	n/a	571915	88
1144.968	n/a	572484	23
1145.504	n/a	572752	62
1145.894	n/a	572947	63
1147.116	n/a	573558	23
1147.596	n/a	573798	64
1148.024	n/a	574012	89
1149.336	n/a	574668	24
1149.8	n/a	574900	82
1150.264	n/a	575132	83
1151.41	n/a	575705	21
1151.924	n/a	575962	80
1152.346	n/a	576173	81
1153.496	n/a	576748	24
1153.924	n/a	576962	64
1154.508	n/a	577254	89
1155.684	n/a	577842	21
1156.128	n/a	578064	60
1156.652	n/a	578326	61
1157.79	n/a	578895	25
1158.268	n/a	579134	67
1158.764	n/a	579382	88
1160.07	n/a	580035	22
1160.596	n/a	580298	80
1161.076	n/a	580538	81
1162.234	n/a	581117	26
1162.738	n/a	581369	65
1163.17	n/a	581585	66
1164.33	n/a	582165	25
1164.816	n/a	582408	87
1165.26	n/a	582630	68
1202.178	n/a	601089	11
1202.578	n/a	601289	30
1203.236	n/a	601618	31
1204.498	n/a	602249	11
1204.708	n/a	602354	40
1205.538	n/a	602769	41
1206.85	n/a	603425	16
1207.13	n/a	603565	45
1207.8	n/a	603900	46
1208.996	n/a	604498	16
1209.428	n/a	604714	37
1210.02	n/a	605010	51
1211.236	n/a	605618	15
1211.772	n/a	605886	47
1212.29	n/a	606145	38
1213.556	n/a	606778	16
1213.85	n/a	606925	37
1214.582	n/a	607291	48
1215.79	n/a	607895	13
1216.224	n/a	608112	32
1216.748	n/a	608374	33
1217.942	n/a	608971	12
1218.412	n/a	609206	30
1218.884	n/a	609442	31
1220.202	n/a	610101	14
1220.756	n/a	610378	42
1221.108	n/a	610554	43
1222.282	n/a	611141	15
1222.868	n/a	611434	45
1223.302	n/a	611651	46
1224.598	n/a	612299	13
1225.178	n/a	612589	42
1225.586	n/a	612793	43
1226.814	n/a	613407	13
1227.226	n/a	613613	32
1227.872	n/a	613936	33
1229.144	n/a	614572	11
1229.662	n/a	614831	30
1230.16	n/a	615080	31
1231.352	n/a	615676	15
1231.772	n/a	615886	45
1232.256	n/a	616128	46
1233.462	n/a	616731	11
1233.928	n/a	616964	30
1234.412	n/a	617206	31
1235.716	n/a	617858	16
1236.178	n/a	618089	45
1236.622	n/a	618311	46
1237.784	n/a	618892	16
1238.258	n/a	619129	45
1238.81	n/a	619405	46
1240.106	n/a	620053	12
1240.632	n/a	620316	40
1241.112	n/a	620556	41
1242.38	n/a	621190	12
1242.836	n/a	621418	30
1243.332	n/a	621666	31
1244.612	n/a	622306	14
1245.038	n/a	622519	32
1245.678	n/a	622839	33
1246.972	n/a	623486	11
1247.414	n/a	623707	40
1247.856	n/a	623928	41
1249.058	n/a	624529	14
1249.492	n/a	624746	42
1249.998	n/a	624999	43
1251.318	n/a	625659	12
1251.742	n/a	625871	30
1252.352	n/a	626176	31
1253.518	n/a	626759	13
1254.102	n/a	627051	42
1254.562	n/a	627281	43
1255.826	n/a	627913	14
1256.304	n/a	628152	42
1256.834	n/a	628417	43
1258.116	n/a	629058	16
1258.524	n/a	629262	37
1259.04	n/a	629520	48
1260.23	n/a	630115	13
1260.634	n/a	630317	44
1261.214	n/a	630607	39
1262.504	n/a	631252	11
1262.964	n/a	631482	30
1263.462	n/a	631731	31
1264.684	n/a	632342	11
1265.102	n/a	632551	30
1265.552	n/a	632776	31
1266.782	n/a	633391	12
1267.308	n/a	633654	30
1267.72	n/a	633860	31
1269.048	n/a	634524	16
1269.576	n/a	634788	45
1270.048	n/a	635024	46
1271.212	n/a	635606	11
1271.774	n/a	635887	30
1272.298	n/a	636149	51
1273.604	n/a	636802	14
1274.088	n/a	637044	42
1274.646	n/a	637323	43
1275.802	n/a	637901	12
1276.306	n/a	638153	40
1276.69	n/a	638345	41
1277.926	n/a	638963	15
1278.354	n/a	639177	47
1278.818	n/a	639409	38
1280.02	n/a	640010	14
1280.744	n/a	640372	32
1281.208	n/a	640604	33
1282.406	n/a	641203	16
1282.822	n/a	641411	47
1283.428	n/a	641714	38
1284.662	n/a	642331	15
1285.212	n/a	642606	47
1285.668	n/a	642834	38
1286.902	n/a	643451	13
1287.448	n/a	643724	34
1287.814	n/a	643907	49
1288.954	n/a	644477	15
1289.494	n/a	644747	35
1289.99	n/a	644995	36
1291.128	n/a	645564	16
1291.682	n/a	645841	37
1292.148	n/a	646074	48
1293.418	n/a	646709	13
1293.948	n/a	646974	32
1294.442	n/a	647221	33
1295.58	n/a	647790	14
1296.042	n/a	648021	42
1296.516	n/a	648258	43
1297.776	n/a	648888	13
1298.214	n/a	649107	42
1298.664	n/a	649332	43
1299.974	n/a	649987	15
1300.402	n/a	650201	37
1301.02	n/a	650510	48
1302.2	n/a	651100	16
1302.668	n/a	651334	37
1303.23	n/a	651615	48
1304.37	n/a	652185	13
1304.854	n/a	652427	32
1305.416	n/a	652708	33
1306.73	n/a	653365	11
1307.136	n/a	653568	30
1307.782	n/a	653891	31
1308.924	n/a	654462	12
1309.354	n/a	654677	40
1309.878	n/a	654939	41
1311.128	n/a	655564	14
1311.652	n/a	655826	42
1312.086	n/a	656043	43
1313.396	n/a	656698	16
1313.996	n/a	656998	37
1314.4	n/a	657200	51
1315.606	n/a	657803	12
1316.152	n/a	658076	30
1316.646	n/a	658323	31
1317.858	n/a	658929	11
1318.404	n/a	659202	30
1318.81	n/a	659405	31
1320.116	n/a	660058	11
1320.496	n/a	660248	30
1321.182	n/a	660591	31
1322.41	n/a	661205	12
1322.842	n/a	661421	40
1323.318	n/a	661659	41
1324.576	n/a	662288	15
1325.122	n/a	662561	45
1325.472	n/a	662736	46
1326.738	n/a	663369	13
1327.216	n/a	663608	32
1327.77	n/a	663885	33
1329.052	n/a	664526	12
1329.574	n/a	664787	40
1329.932	n/a	664966	41
1331.262	n/a	665631	13
1331.732	n/a	665866	32
1332.238	n/a	666119	33
1333.56	n/a	666780	16
1334.044	n/a	667022	45
1334.458	n/a	667229	46
1335.7	n/a	667850	11
1336.31	n/a	668155	30
1336.742	n/a	668371	31
1337.95	n/a	668975	14
1338.404	n/a	669202	42
1338.864	n/a	669432	43
1340.028	n/a	670014	12
1340.498	n/a	670249	30
1341.018	n/a	670509	31
1342.32	n/a	671160	12
1342.732	n/a	671366	30
1343.22	n/a	671610	31
1344.41	n/a	672205	13
1344.904	n/a	672452	44
1345.346	n/a	672673	39
1346.67	n/a	673335	15
1347.17	n/a	673585	47
1347.728	n/a	673864	38
1348.942	n/a	674471	14
1349.576	n/a	674788	42
1349.99	n/a	674995	51
1351.214	n/a	675607	12
1351.67	n/a	675835	30
1352.158	n/a	676079	31
1353.486	n/a	676743	16
1354.138	n/a	677069	37
1354.66	n/a	677330	48
1355.992	n/a	677996	14
1356.404	n/a	678202	44
1356.976	n/a	678488	39
1358.264	n/a	679132	15
1358.826	n/a	679413	45
1359.248	n/a	679624	46
1360.42	n/a	680210	15
1360.924	n/a	680462	35
1361.318	n/a	680659	36
1362.55	n/a	681275	15
1363.14	n/a	681570	35
1363.638	n/a	681819	36
1364.836	n/a	682418	13
1365.358	n/a	682679	42
1365.892	n/a	682946	43
1367.112	n/a	683556	14
1367.704	n/a	683852	44
1368.188	n/a	684094	39
1369.426	n/a	684713	24
1369.89	n/a	684945	82
1370.456	n/a	685228	83
1371.752	n/a	685876	23
1372.218	n/a	686109	62
1372.648	n/a	686324	63
1373.818	n/a	686909	21
1374.296	n/a	687148	80
1374.782	n/a	687391	81
1376.09	n/a	688045	23
1376.712	n/a	688356	62
1377.26	n/a	688630	63
1378.44	n/a	689220	25
1378.936	n/a	689468	67
1379.48	n/a	689740	88
1380.736	n/a	690368	25
1381.172	n/a	690586	87
1381.798	n/a	690899	68
1382.978	n/a	691489	22
1383.546	n/a	691773	60
1383.938	n/a	691969	61
1385.16	n/a	692580	26
1385.734	n/a	692867	67
1386.132	n/a	693066	88
1387.426	n/a	693713	21
1387.922	n/a	693961	60
1388.416	n/a	694208	61
1389.576	n/a	694788	26
1390.11	n/a	695055	87
1390.58	n/a	695290	68
1391.786	n/a	695893	25
1392.328	n/a	696164	87
1392.766	n/a	696383	68
1394.01	n/a	697005	25
1394.468	n/a	697234	87
1394.994	n/a	697497	68
1396.322	n/a	698161	25
1396.75	n/a	698375	67
1397.282	n/a	698641	88
1398.444	n/a	699222	24
1399.08	n/a	699540	62
1399.586	n/a	699793	63
1400.72	n/a	700360	24
1401.172	n/a	700586	64
1401.746	n/a	700873	89
1403.058	n/a	701529	24
1403.454	n/a	701727	82
1404.02	n/a	702010	83
1405.316	n/a	702658	26
1405.688	n/a	702844	65
1406.282	n/a	703141	66
1407.612	n/a	703806	24
1408.094	n/a	704047	62
1408.586	n/a	704293	63
1409.836	n/a	704918	21
1410.376	n/a	705188	60
1410.714	n/a	705357	61
1412.04	n/a	706020	21
1412.438	n/a	706219	60
1412.916	n/a	706458	61
1414.074	n/a	707037	23
1414.58	n/a	707290	62
1415.06	n/a	707530	63
1416.3	n/a	708150	24
1416.752	n/a	708376	62
1417.326	n/a	708663	63
1418.578	n/a	709289	21
1419.048	n/a	709524	60
1419.516	n/a	709758	61
1420.718	n/a	710359	26
1421.236	n/a	710618	67
1421.686	n/a	710843	88
1422.86	n/a	711430	22
1423.408	n/a	711704	60
1423.846	n/a	711923	61
1425.148	n/a	712574	21
1425.58	n/a	712790	80
1426.11	n/a	713055	81
1427.362	n/a	713681	22
1427.768	n/a	713884	80
1428.38	n/a	714190	81
1429.532	n/a	714766	25
1430.034	n/a	715017	87
1430.576	n/a	715288	68
1431.73	n/a	715865	26
1432.174	n/a	716087	65
1432.682	n/a	716341	66
1433.946	n/a	716973	22
1434.392	n/a	717196	80
1434.868	n/a	717434	81
1436.102	n/a	718051	26
1436.58	n/a	718290	67
1437.022	n/a	718511	88
1438.274	n/a	719137	24
1438.784	n/a	719392	82
1439.182	n/a	719591	83
1440.358	n/a	720179	22
1440.784	n/a	720392	60
1441.298	n/a	720649	61
1442.526	n/a	721263	22
1442.94	n/a	721470	60
1443.474	n/a	721737	61
1444.64	n/a	722320	26
1445.16	n/a	722580	67
1445.522	n/a	722761	88
1446.808	n/a	723404	24
1447.364	n/a	723682	82
1447.83	n/a	723915	51
1448.966	n/a	724483	23
1449.488	n/a	724744	84
1449.866	n/a	724933	69
1451.096	n/a	725548	21
1451.64	n/a	725820	60
1452.078	n/a	726039	61
1453.362	n/a	726681	23
1453.878	n/a	726939	82
1454.264	n/a	727132	83
1455.406	n/a	727703	22
1455.832	n/a	727916	80
1456.366	n/a	728183	81
1457.616	n/a	728808	21
1458.05	n/a	729025	80
1458.566	n/a	729283	81
1459.852	n/a	729926	21
1460.222	n/a	730111	60
1460.77	n/a	730385	61
1462.018	n/a	731009	22
1462.458	n/a	731229	80
1462.898	n/a	731449	81
1464.034	n/a	732017	26
1464.504	n/a	732252	67
1465.064	n/a	732532	88
1466.292	n/a	733146	23
1466.956	n/a	733478	82
1467.36	n/a	733680	51
1468.616	n/a	734308	21
1469.082	n/a	734541	60
1469.546	n/a	734773	61
1470.732	n/a	735366	24
1471.302	n/a	735651	64
1471.644	n/a	735822	89
1472.956	n/a	736478	25
1473.554	n/a	736777	87
1474	n/a	737000	68
1475.188	n/a	737594	23
1475.738	n/a	737869	82
1476.1	n/a	738050	83
1477.364	n/a	738682	22
1477.896	n/a	738948	80
1478.372	n/a	739186	81
1479.682	n/a	739841	24
1480.176	n/a	740088	62
1480.656	n/a	740328	63
1481.95	n/a	740975	25
1482.506	n/a	741253	87
1483.022	n/a	741511	68
1484.158	n/a	742079	22
1484.692	n/a	742346	80
1485.15	n/a	742575	81
1486.318	n/a	743159	21
1486.912	n/a	743456	60
1487.336	n/a	743668	61
1488.65	n/a	744325	22
1489.036	n/a	744518	60
1489.608	n/a	744804	61
1490.926	n/a	745463	24
1491.442	n/a	745721	62
1491.87	n/a	745935	63
1493.176	n/a	746588	24
1493.614	n/a	746807	64
1494.056	n/a	747028	89
1495.322	n/a	747661	23
1495.944	n/a	747972	84
1496.28	n/a	748140	69
1497.612	n/a	748806	25
1498.116	n/a	749058	87
1498.598	n/a	749299	68
1499.8	n/a	749900	21
1500.208	n/a	750104	80
1500.85	n/a	750425	81
1501.992	n/a	750996	25
1502.46	n/a	751230	87
1502.976	n/a	751488	68
1504.274	n/a	752137	25
1504.882	n/a	752441	87
1505.342	n/a	752671	68
1506.618	n/a	753309	23
1507.178	n/a	753589	82
1507.638	n/a	753819	83
1508.904	n/a	754452	26
1509.412	n/a	754706	65
1511.142	n/a	755571	26
1511.57	n/a	755785	65
1512.134	n/a	756067	66
1513.316	n/a	756658	23
1513.772	n/a	756886	82
1514.234	n/a	757117	83
1515.474	n/a	757737	25
1515.928	n/a	757964	87
1516.348	n/a	758174	68
1517.482	n/a	758741	26
1517.898	n/a	758949	65
1518.382	n/a	759191	66
1519.686	n/a	759843	24
1520.164	n/a	760082	62
1520.718	n/a	760359	63
1521.96	n/a	760980	23
1522.382	n/a	761191	82
1523.024	n/a	761512	83
1524.35	n/a	762175	25
1524.836	n/a	762418	87
1525.262	n/a	762631	68
1526.422	n/a	763211	21
1526.852	n/a	763426	80
1527.36	n/a	763680	81
1528.574	n/a	764287	22
1529.07	n/a	764535	80
1529.474	n/a	764737	81
1530.658	n/a	765329	23
1531.18	n/a	765590	82
1531.658	n/a	765829	83
1532.81	n/a	766405	26
1533.398	n/a	766699	65
1533.852	n/a	766926	66
1574.774	n/a	787387	15
1575.026	n/a	787513	35
1575.69	n/a	787845	36
1576.984	n/a	788492	15
1577.4	n/a	788700	37
1578.01	n/a	789005	51
1579.33	n/a	789665	12
1579.364	n/a	789682	40
1580.358	n/a	790179	41
1581.502	n/a	790751	13
1581.9	n/a	790950	32
1582.446	n/a	791223	33
1583.676	n/a	791838	14
1584.166	n/a	792083	42
1584.554	n/a	792277	43
1585.798	n/a	792899	16
1586.276	n/a	793138	35
1586.76	n/a	793380	36
1587.932	n/a	793966	14
1588.386	n/a	794193	34
1588.894	n/a	794447	49
1590.152	n/a	795076	16
1590.558	n/a	795279	35
1591.04	n/a	795520	36
1592.25	n/a	796125	11
1592.73	n/a	796365	40
1593.292	n/a	796646	41
1594.5	n/a	797250	11
1594.996	n/a	797498	30
1595.446	n/a	797723	31
1596.636	n/a	798318	14
1597.152	n/a	798576	42
1597.67	n/a	798835	43
1598.918	n/a	799459	12
1599.418	n/a	799709	30
1599.796	n/a	799898	31
1600.934	n/a	800467	13
1601.402	n/a	800701	34
1601.84	n/a	800920	49
1602.984	n/a	801492	15
1603.496	n/a	801748	47
1603.89	n/a	801945	38
1605.04	n/a	802520	16
1605.512	n/a	802756	37
1605.964	n/a	802982	48
1607.128	n/a	803564	14
1607.528	n/a	803764	42
1608.17	n/a	804085	43
1609.342	n/a	804671	13
1609.778	n/a	804889	42
1610.376	n/a	805188	43
1611.638	n/a	805819	12
1612.138	n/a	806069	30
1612.534	n/a	806267	31
1613.856	n/a	806928	16
1614.356	n/a	807178	35
1614.888	n/a	807444	36
1616.144	n/a	808072	16
1616.544	n/a	808272	37
1617.17	n/a	808585	48
1618.458	n/a	809229	16
1618.904	n/a	809452	45
1619.392	n/a	809696	46
1620.592	n/a	810296	11
1621.214	n/a	810607	40
1621.756	n/a	810878	41
1622.912	n/a	811456	14
1623.34	n/a	811670	44
1623.954	n/a	811977	39
1625.222	n/a	812611	16
1625.732	n/a	812866	37
1626.284	n/a	813142	48
1627.434	n/a	813717	12
1627.934	n/a	813967	30
1628.376	n/a	814188	31
1629.516	n/a	814758	13
1630.012	n/a	815006	32
1630.532	n/a	815266	33
1631.824	n/a	815912	14
1632.2	n/a	816100	32
1632.832	n/a	816416	33
1634.088	n/a	817044	16
1634.514	n/a	817257	35
1635.052	n/a	817526	36
1636.27	n/a	818135	12
1636.764	n/a	818382	40
1637.158	n/a	818579	41
1638.4	n/a	819200	11
1638.904	n/a	819452	40
1639.352	n/a	819676	41
1640.656	n/a	820328	13
1641.122	n/a	820561	42
1641.682	n/a	820841	43
1642.936	n/a	821468	13
1643.326	n/a	821663	44
1643.926	n/a	821963	39
1645.246	n/a	822623	13
1645.748	n/a	822874	42
1646.244	n/a	823122	43
1647.408	n/a	823704	13
1647.842	n/a	823921	42
1648.406	n/a	824203	43
1649.676	n/a	824838	15
1650.266	n/a	825133	37
1650.676	n/a	825338	51
1651.906	n/a	825953	11
1652.374	n/a	826187	30
1652.812	n/a	826406	31
1654.096	n/a	827048	15
1654.562	n/a	827281	35
1655.096	n/a	827548	36
1656.428	n/a	828214	14
1656.936	n/a	828468	42
1657.46	n/a	828730	43
1658.688	n/a	829344	14
1659.092	n/a	829546	32
1659.72	n/a	829860	33
1661.014	n/a	830507	11
1661.656	n/a	830828	40
1662.026	n/a	831013	41
1663.218	n/a	831609	15
1663.734	n/a	831867	35
1664.258	n/a	832129	36
1665.552	n/a	832776	14
1665.906	n/a	832953	42
1666.43	n/a	833215	43
1667.694	n/a	833847	15
1668.218	n/a	834109	35
1668.686	n/a	834343	36
1669.888	n/a	834944	13
1670.374	n/a	835187	32
1670.908	n/a	835454	33
1672.192	n/a	836096	13
1672.736	n/a	836368	32
1673.264	n/a	836632	33
1674.446	n/a	837223	14
1674.922	n/a	837461	42
1675.468	n/a	837734	43
1676.788	n/a	838394	12
1677.28	n/a	838640	40
1677.802	n/a	838901	41
1679.07	n/a	839535	11
1679.594	n/a	839797	40
1680.068	n/a	840034	41
1681.286	n/a	840643	12
1681.782	n/a	840891	30
1682.158	n/a	841079	31
1683.446	n/a	841723	12
1683.89	n/a	841945	30
1684.354	n/a	842177	31
1685.616	n/a	842808	16
1686.378	n/a	843189	37
1686.822	n/a	843411	51
1688.144	n/a	844072	12
1688.642	n/a	844321	30
1689.164	n/a	844582	31
1690.362	n/a	845181	12
1690.844	n/a	845422	30
1691.256	n/a	845628	31
1692.398	n/a	846199	11
1692.922	n/a	846461	40
1693.354	n/a	846677	41
1694.668	n/a	847334	14
1695.282	n/a	847641	42
1695.786	n/a	847893	43
1697.08	n/a	848540	11
1697.564	n/a	848782	40
1698.064	n/a	849032	41
1699.242	n/a	849621	11
1699.798	n/a	849899	40
1700.22	n/a	850110	41
1701.392	n/a	850696	15
1701.892	n/a	850946	35
1702.358	n/a	851179	36
1703.506	n/a	851753	14
1704.018	n/a	852009	42
1704.524	n/a	852262	43
1705.698	n/a	852849	16
1706.174	n/a	853087	37
1706.604	n/a	853302	48
1707.778	n/a	853889	13
1708.426	n/a	854213	34
1708.834	n/a	854417	51
1709.984	n/a	854992	15
1710.528	n/a	855264	45
1710.992	n/a	855496	46
1712.174	n/a	856087	15
1712.596	n/a	856298	35
1713.15	n/a	856575	36
1714.294	n/a	857147	15
1714.736	n/a	857368	37
1715.33	n/a	857665	48
1716.662	n/a	858331	16
1717.236	n/a	858618	35
1717.638	n/a	858819	36
1718.914	n/a	859457	16
1719.378	n/a	859689	37
1719.932	n/a	859966	48
1721.092	n/a	860546	11
1721.564	n/a	860782	40
1722.054	n/a	861027	41
1723.294	n/a	861647	12
1723.784	n/a	861892	30
1724.26	n/a	862130	31
1725.548	n/a	862774	13
1725.972	n/a	862986	42
1726.482	n/a	863241	43
1727.672	n/a	863836	12
1728.112	n/a	864056	30
1728.558	n/a	864279	31
1729.88	n/a	864940	11
1730.488	n/a	865244	40
1730.984	n/a	865492	41
1732.174	n/a	866087	16
1732.8	n/a	866400	37
1733.212	n/a	866606	48
1734.364	n/a	867182	12
1734.848	n/a	867424	30
1735.386	n/a	867693	31
1736.634	n/a	868317	13
1737.018	n/a	868509	32
1737.538	n/a	868769	33
1738.77	n/a	869385	15
1739.27	n/a	869635	47
1739.736	n/a	869868	38
1741.006	n/a	870503	24
1741.504	n/a	870752	82
1741.974	n/a	870987	83
1743.232	n/a	871616	21
1743.692	n/a	871846	80
1744.124	n/a	872062	81
1745.278	n/a	872639	25
1745.786	n/a	872893	67
1746.304	n/a	873152	88
1747.624	n/a	873812	21
1748.098	n/a	874049	60
1748.622	n/a	874311	61
1749.8	n/a	874900	24
1750.426	n/a	875213	62
1750.946	n/a	875473	63
1752.186	n/a	876093	25
1752.88	n/a	876440	67
1753.34	n/a	876670	51
1754.528	n/a	877264	23
1755.098	n/a	877549	82
1755.622	n/a	877811	83
1756.914	n/a	878457	24
1757.332	n/a	878666	82
1757.788	n/a	878894	83
1759.022	n/a	879511	26
1759.536	n/a	879768	67
1759.91	n/a	879955	88
1761.216	n/a	880608	26
1761.614	n/a	880807	85
1762.236	n/a	881118	86
1763.458	n/a	881729	24
1764.068	n/a	882034	64
1764.464	n/a	882232	89
1765.634	n/a	882817	21
1766.256	n/a	883128	60
1766.726	n/a	883363	61
1767.912	n/a	883956	23
1768.38	n/a	884190	82
1768.876	n/a	884438	83
1770.194	n/a	885097	23
1770.756	n/a	885378	62
1771.162	n/a	885581	63
1772.444	n/a	886222	25
1772.896	n/a	886448	87
1773.362	n/a	886681	68
1774.554	n/a	887277	24
1775.006	n/a	887503	82
1775.554	n/a	887777	83
1776.816	n/a	888408	26
1777.318	n/a	888659	67
1777.736	n/a	888868	88
1778.97	n/a	889485	25
1779.458	n/a	889729	67
1779.854	n/a	889927	88
1781.068	n/a	890534	21
1781.632	n/a	890816	60
1781.986	n/a	890993	61
1783.164	n/a	891582	21
1783.646	n/a	891823	60
1784.048	n/a	892024	61
1785.28	n/a	892640	23
1785.944	n/a	892972	62
1786.454	n/a	893227	63
1787.652	n/a	893826	24
1788.038	n/a	894019	62
1788.63	n/a	894315	63
1789.886	n/a	894943	21
1792.834	n/a	896417	80
1793.254	n/a	896627	51
1794.544	n/a	897272	24
1795.148	n/a	897574	62
1795.526	n/a	897763	63
1796.724	n/a	898362	23
1797.178	n/a	898589	62
1797.662	n/a	898831	63
1798.87	n/a	899435	25
1799.366	n/a	899683	67
1799.78	n/a	899890	88
1801.016	n/a	900508	23
1801.46	n/a	900730	62
1802.03	n/a	901015	63
1803.318	n/a	901659	21
1803.71	n/a	901855	80
1804.374	n/a	902187	81
1805.636	n/a	902818	21
1806.226	n/a	903113	60
1806.65	n/a	903325	61
1807.948	n/a	903974	21
1808.352	n/a	904176	60
1808.844	n/a	904422	61
1810.128	n/a	905064	26
1810.586	n/a	905293	65
1811.14	n/a	905570	66
1812.374	n/a	906187	26
1812.82	n/a	906410	67
1813.282	n/a	906641	88
1814.614	n/a	907307	26
1815.008	n/a	907504	67
1815.598	n/a	907799	88
1816.916	n/a	908458	24
1817.476	n/a	908738	62
1817.878	n/a	908939	63
1819.182	n/a	909591	26
1819.586	n/a	909793	85
1820.15	n/a	910075	86
1821.472	n/a	910736	26
1821.898	n/a	910949	87
1822.348	n/a	911174	68
1823.678	n/a	911839	25
1824.258	n/a	912129	67
1824.714	n/a	912357	88
1826.026	n/a	913013	23
1826.602	n/a	913301	82
1827.082	n/a	913541	83
1828.3	n/a	914150	26
1829.52	n/a	914760	85
1829.916	n/a	914958	51
1831.076	n/a	915538	22
1831.712	n/a	915856	80
1832.24	n/a	916120	81
1833.572	n/a	916786	22
1834.008	n/a	917004	60
1834.452	n/a	917226	61
1835.754	n/a	917877	25
1836.244	n/a	918122	67
1836.794	n/a	918397	88
1838.01	n/a	919005	23
1838.572	n/a	919286	82
1839.004	n/a	919502	83
1840.208	n/a	920104	24
1840.65	n/a	920325	82
1841.26	n/a	920630	83
1842.434	n/a	921217	21
1843.182	n/a	921591	60
1843.656	n/a	921828	51
1844.938	n/a	922469	22
1845.494	n/a	922747	60
1845.858	n/a	922929	61
1847.1	n/a	923550	25
1847.64	n/a	923820	67
1848.056	n/a	924028	88
1849.336	n/a	924668	24
1849.712	n/a	924856	84
1850.242	n/a	925121	69
1851.406	n/a	925703	23
1851.948	n/a	925974	82
1852.47	n/a	926235	83
1853.642	n/a	926821	22
1854.214	n/a	927107	60
1854.748	n/a	927374	61
1855.934	n/a	927967	23
1856.602	n/a	928301	64
1856.958	n/a	928479	89
1858.27	n/a	929135	23
1858.792	n/a	929396	82
1859.18	n/a	929590	83
1860.5	n/a	930250	24
1860.964	n/a	930482	82
1861.466	n/a	930733	83
1862.636	n/a	931318	24
1863.072	n/a	931536	84
1863.536	n/a	931768	69
1864.782	n/a	932391	25
1865.26	n/a	932630	67
1865.794	n/a	932897	88
1867.042	n/a	933521	22
1867.542	n/a	933771	60
1867.98	n/a	933990	61
1869.174	n/a	934587	22
1869.588	n/a	934794	60
1870.23	n/a	935115	61
1871.522	n/a	935761	24
1872.09	n/a	936045	62
1872.556	n/a	936278	63
1873.816	n/a	936908	22
1874.292	n/a	937146	60
1874.808	n/a	937404	61
1876.088	n/a	938044	25
1876.496	n/a	938248	67
1877.008	n/a	938504	88
1878.178	n/a	939089	22
1878.62	n/a	939310	60
1879.114	n/a	939557	61
1880.276	n/a	940138	22
1880.808	n/a	940404	60
1881.204	n/a	940602	61
1882.412	n/a	941206	21
1882.948	n/a	941474	80
1883.474	n/a	941737	81
1884.666	n/a	942333	25
1885.152	n/a	942576	67
1885.728	n/a	942864	88
1886.966	n/a	943483	25
1888.914	n/a	944457	87
1889.272	n/a	944636	51
1890.514	n/a	945257	26
1891.058	n/a	945529	65
1891.396	n/a	945698	66
1892.612	n/a	946306	21
1893.058	n/a	946529	60
1893.502	n/a	946751	61
1894.832	n/a	947416	22
1895.324	n/a	947662	60
1895.752	n/a	947876	61
1896.96	n/a	948480	25
1897.45	n/a	948725	67
1898.01	n/a	949005	88
1899.232	n/a	949616	26
1899.684	n/a	949842	65
1900.228	n/a	950114	66
1901.462	n/a	950731	21
1902.156	n/a	951078	80
1902.52	n/a	951260	81
1903.752	n/a	951876	22
1904.2	n/a	952100	80
1904.696	n/a	952348	81
1905.98	n/a	952990	26
1906.418	n/a	953209	67
1906.918	n/a	953459	88
1908.138	n/a	954069	22
1908.576	n/a	954288	80
1909.012	n/a	954506	81
1910.294	n/a	955147	23
1910.654	n/a	955327	84
1911.346	n/a	955673	69
